Unnamed:_0,plot,Species,Unnamed:_3
1,1,Alchemilla abyssinica Fresen.,8
2,1,Deschampsia flexuosa (L.) ,7
3,1,Echinops longisetus A. Rich.,1
4,1,Erica L.,8
5,1,Haplocarpha rueppelii (Sch. Bip.) ,2
6,1,Kniphofia schimperi Baker ,5
7,1,Lobelia erlangeriana Engl. ,1
8,1,Oenanthe procumbens (Wolff) Norman ,3
9,1,Rumex sp.,5
10,1,Salvia merjamie Forssk,3
11,1,Senecio sp,4
12,1,Trifolium spananthum Thulin.,4
13,1,Uebelinia abyssinica Hochst.,1
14,2,Alchemilla abyssinica Fresen.,9
15,2,Carthamus lanatus L. ,7
16,2,Conyza hochstetteri Sch. Bip. ex A,1
17,2,Deschampsia flexuosa (L.) ,2
18,2,Dianthoseris schimperi Sch.Bip.ex A. Rich.,1
19,2,Discopodium eremanthum Chiov.,3
20,2,Echinops longisetus A. Rich.,5
21,2,Erica L.,7
22,2,Kniphofia schimperi Baker ,2
23,2,Lobelia erlangeriana Engl. ,8
25,2,Oenanthe procumbens (Wolff) Norman ,7
26,2,Plantago africana Verdc.,5
27,2,Polystichum sp.,5
28,2,Rumex sp.,3
29,2,Salvia merjamie Forssk,2
30,2,Senecio sp,2
31,2,Umbilicus botryoides A. Rich.,1
32,3,Alchemilla pedata A. Rich.,2
33,3,Arabis alpina L.,2
34,3,Carex peregrina Link,3
35,3,Deschampsia flexuosa (L.) ,1
36,3,Discopodium eremanthum Chiov.,1
37,3,Echinops longisetus A. Rich.,2
38,3,Erica L.,8
39,3,Geranium arabicum Forssk.,1
40,3,Hypericum revolutum Vahl ,1
41,3,Luzula abyssinica Parl.,1
43,3,Oenanthe procumbens (Wolff) Norman ,2
44,3,Polystichum wilsonii H.Christ,2
45,3,Satureja paradoxa (Vatke),3
46,3,Trifolium spananthum Thulin.,3
47,3,Uebelinia abyssinica Hochst.,1
48,4,Alchemilla abyssinica Fresen.,1
49,4,Alchemilla pedata A. Rich.,1
50,4,Cynoglossum lanceolatum Forsk.,1
51,4,Deschampsia flexuosa (L.) ,1
52,4,Discopodium eremanthum Chiov.,1
53,4,Erica L.,8
54,4,Geranium sp.,5
55,4,Hypericum revolutum Vahl ,1
56,4,Kniphofia schimperi Baker ,7
57,4,Oenanthe procumbens (Wolff) Norman ,5
58,4,Polystichum sp.,2
59,4,Rumex sp.,1
60,4,Satureja paradoxa (Vatke),1
61,4,Satureja simensis (Benth.) Briq.,1
62,4,Senecio sp,1
63,4,Thymus serrulatus Hochst. ex Benth.,1
64,4,Uebelinia abyssinica Hochst.,1
65,5,Agrostis quinqueseta (Hochst. ex Steud.),7
66,5,Alchemilla abyssinica Fresen.,7
67,5,Erica L.,5
68,5,Hebenstretia angolensis Rolfe,5
69,5,Helichrysum splendidum (Thunb.) Less.,7
70,5,Parietaria debilis G.Forst.,7
71,5,Pentaschistis borussica (K.Schum.) Pilg.,9
72,5,Pentaschistis trisetoides (Hochst. ex Steud.) Pilg.,5
73,6,Agrostis quinqueseta (Hochst. ex Steud.),8
74,6,Alchemilla abyssinica Fresen.,5
75,6,Arabis alpina L.,7
76,6,Deschampsia flexuosa (L.) ,8
77,6,Erica L.,7
78,6,Hebenstretia angolensis Rolfe,4
79,6,Hedbergia abyssinica (Hochst. ex Benth.),3
80,6,Helichrysum splendidum (Thunb.) Less.,7
81,6,Pentaschistis borussica (K.Schum.) Pilg.,8
82,6,Pentaschistis trisetoides (Hochst. ex Steud.) Pilg.,8
83,7,Alchemilla abyssinica Fresen.,7
84,7,Deschampsia flexuosa (L.) ,7
85,7,Dianthoseris schimperi Sch.Bip.ex A. Rich.,5
86,7,Erica L.,5
87,7,Hebenstretia angolensis Rolfe,4
88,7,Hedbergia abyssinica (Hochst. ex Benth.),4
89,7,Helichrysum splendidum (Thunb.) Less.,7
90,7,Parietaria debilis G.Forst.,4
91,7,Parietaria debilis G.Forst.,5
92,7,Pentaschistis borussica (K.Schum.) Pilg.,7
93,7,Pentaschistis trisetoides (Hochst. ex Steud.) Pilg.,8
94,7,Pentaschistis trisetoides (Hochst. ex Steud.) Pilg.,3
95,8,Agrostis quinqueseta (Hochst. ex Steud.),5
96,8,Alchemilla abyssinica Fresen.,5
97,8,Arabis alpina L.,2
98,8,Cineraria abyssinica Sch. Bip. ex A. Rich.,2
99,8,Deschampsia flexuosa (L.) ,8
100,8,Dianthoseris schimperi Sch.Bip.ex A. Rich.,2
101,8,Erica L.,5
102,8,Galium simense Fresen.,2
103,8,Hebenstretia angolensis Rolfe,5
104,8,Hedbergia abyssinica (Hochst. ex Benth.),3
105,8,Helichrysum splendidum (Thunb.) Less.,7
108,8,Oenanthe procumbens (Wolff) Norman ,2
109,8,Pentaschistis trisetoides (Hochst. ex Steud.) Pilg.,5
110,8,Portulaca sp.,3
111,8,Thymus serrulatus Hochst. ex Benth.,3
112,9,Agrostis quinqueseta (Hochst. ex Steud.),5
113,9,Alchemilla abyssinica Fresen.,4
114,9,Carex erythrorrhiza Bock,3
115,9,Deschampsia flexuosa (L.) ,8
116,9,Dianthoseris schimperi Sch.Bip.ex A. Rich.,2
117,9,Erica L.,5
118,9,Galium simense Fresen.,3
119,9,Hebenstretia angolensis Rolfe,5
120,9,Hedbergia abyssinica (Hochst. ex Benth.),2
121,9,Helichrysum splendidum (Thunb.) Less.,7
124,9,Pentaschistis trisetoides (Hochst. ex Steud.) Pilg.,5
125,9,Polygala steudneri Chod.,2
126,9,Portulaca sp.,4
127,9,Thymus serrulatus Hochst. ex Benth.,3
128,10,Agrostis quinqueseta (Hochst. ex Steud.),5
129,10,Alchemilla abyssinica Fresen.,4
130,10,Deschampsia flexuosa (L.) ,8
131,10,Dianthoseris schimperi Sch.Bip.ex A. Rich.,2
132,10,Erica L.,7
133,10,Euryops prostratus B. Nord.,4
134,10,Hebenstretia angolensis Rolfe,4
135,10,Helichrysum citrispinum Del.,2
136,10,Helichrysum splendidum (Thunb.) Less.,7
137,10,Pentaschistis trisetoides (Hochst. ex Steud.) Pilg.,7
138,10,Portulaca sp.,4
139,10,Thymus serrulatus Hochst. ex Benth.,3
140,11,Agrostis quinqueseta (Hochst. ex Steud.),8
141,11,Alchemilla abyssinica Fresen.,8
142,11,Arabis thaliana L.,1
143,11,Deschampsia flexuosa (L.) ,1
144,11,Erica L.,3
145,11,Erica L.,3
146,11,Geranium arabicum Forssk.,7
147,11,Haplocarpha rueppelii (Sch. Bip.) ,5
148,11,Hebenstretia angolensis Rolfe,2
149,11,Helichrysum gofense Cufod.,7
150,11,Helichrysum splendidum (Thunb.) Less.,8
151,11,Oenanthe procumbens (Wolff) Norman ,3
152,11,Pentaschistis trisetoides (Hochst. ex Steud.) Pilg.,5
153,11,Salvia merjamie Forssk,2
154,11,Satureja imbricata (Forssk.) Briq.,1
155,11,Thymus serrulatus Hochst. ex Benth.,7
156,11,Trifolium spananthum Thulin.,7
157,12,Agrostis quinqueseta (Hochst. ex Steud.),9
158,12,Alchemilla abyssinica Fresen.,7
159,12,Arabis thaliana L.,2
160,12,Deschampsia flexuosa (L.) ,3
161,12,Erica L.,2
162,12,Geranium arabicum Forssk.,2
163,12,Haplocarpha rueppelii (Sch. Bip.) ,1
164,12,Hebenstretia angolensis Rolfe,3
165,12,Helichrysum gofense Cufod.,3
166,12,Helichrysum splendidum (Thunb.) Less.,8
167,12,Oenanthe procumbens (Wolff) Norman ,1
168,12,Pentaschistis trisetoides (Hochst. ex Steud.) Pilg.,7
169,12,Salvia merjamie Forssk,4
170,12,Thymus serrulatus Hochst. ex Benth.,2
171,13,Agrostis quinqueseta (Hochst. ex Steud.),5
172,13,Alchemilla abyssinica Fresen.,1
173,13,Deschampsia flexuosa (L.) ,2
174,13,Dianthoseris schimperi Sch.Bip.ex A. Rich.,3
175,13,Erica L.,8
176,13,Galium simense Fresen.,2
177,13,Geranium arabicum Forssk.,2
178,13,Hebenstretia angolensis Rolfe,3
179,13,Hedbergia abyssinica (Hochst. ex Benth.),2
180,13,Helichrysum formosissimum Sch. Bip.,5
181,13,Helichrysum gofense Cufod.,2
182,13,Helichrysum splendidum (Thunb.) Less.,5
185,13,Oenanthe procumbens (Wolff) Norman ,2
186,13,Pentaschistis trisetoides (Hochst. ex Steud.) Pilg.,2
187,13,Portulaca sp.,2
188,13,Thymus serrulatus Hochst. ex Benth.,2
189,14,Agrostis quinqueseta (Hochst. ex Steud.),7
190,14,Alchemilla abyssinica Fresen.,7
191,14,Deschampsia flexuosa (L.) ,2
192,14,Geranium arabicum Forssk.,3
193,14,Haplocarpha rueppelii (Sch. Bip.) ,2
194,14,Hebenstretia angolensis Rolfe,4
195,14,Hedbergia abyssinica (Hochst. ex Benth.),2
196,14,Helichrysum citrispinum Del.,7
197,14,Helichrysum splendidum (Thunb.) Less.,8
200,14,Oenanthe procumbens (Wolff) Norman ,1
201,14,Pentaschistis trisetoides (Hochst. ex Steud.) Pilg.,7
202,14,Salvia merjamie Forssk,3
203,14,Thymus serrulatus Hochst. ex Benth.,2
204,15,Agrostis quinqueseta (Hochst. ex Steud.),7
205,15,Holostemum umbellatum,1
206,15,Deschampsia flexuosa (L.) ,7
207,15,Erica L.,3
208,15,Festuca abysinica Hochst.,1
209,15,Haplocarpha rueppelii (Sch. Bip.) ,7
210,15,Hebenstretia angolensis Rolfe,5
211,15,Hedbergia abyssinica (Hochst. ex Benth.),1
212,15,Helichrysum splendidum (Thunb.) Less.,8
213,15,Herniaria hirsuta L.,2
214,15,Kniphofia schimperi Baker ,1
217,15,Pentaschistis trisetoides (Hochst. ex Steud.) Pilg.,5
218,15,Polystichum wilsonii H.Christ,1
219,15,Polystichum wilsonii H.Christ,2
220,15,Portulaca sp.,7
221,15,Salvia merjamie Forssk,1
222,15,Thymus serrulatus Hochst. ex Benth.,2
223,15,Uebelinia abyssinica Hochst.,3
224,15,Taraxacum officinale,1
225,15,taraxacum officinale,1
226,16,Agrostis quinqueseta (Hochst. ex Steud.),7
227,16,Alchemilla haumannii Rothm.,3
228,16,Alchemilla pedata A. Rich.,5
229,16,Artemisia sp.,1
230,16,Carex johnstonii Bock ,1
231,16,Holostemum umbellatum,4
232,16,Cineraria abyssinica Sch. Bip. ex A. Rich.,1
233,16,Conyza stricta Willd.,5
234,16,Deschampsia flexuosa (L.) ,1
235,16,Erica L.,8
236,16,Haplocarpha rueppelii (Sch. Bip.) ,5
237,16,Hebenstretia angolensis Rolfe,5
238,16,Helichrysum formosissimum Sch. Bip.,1
239,16,Helichrysum splendidum (Thunb.) Less.,5
241,16,Pentaschistis trisetoides (Hochst. ex Steud.) Pilg.,2
242,16,Polystichum wilsonii H.Christ,3
243,16,Trifolium acaule A. Rich,7
244,17,Agrostis quinqueseta (Hochst. ex Steud.),2
245,17,Alchemilla abyssinica Fresen.,5
246,17,Alchemilla haumannii Rothm.,3
247,17,Alchemilla pedata A. Rich.,4
248,17,Carthamus lanatus L. ,2
249,17,Erica L.,9
250,17,Geranium arabicum Forssk.,1
251,17,Hebenstretia angolensis Rolfe,5
252,17,Helichrysum gofense Cufod.,4
253,17,Helichrysum harennensis Mesfin ,2
254,17,Helichrysum splendidum (Thunb.) Less.,3
255,17,Koeleria capensis (Steud.),2
257,17,Oenanthe procumbens (Wolff) Norman ,3
258,17,Pentaschistis trisetoides (Hochst. ex Steud.) Pilg.,8
259,17,Senecio fresenii Sch. Bip. ex Oliv. & Hiern ,1
260,17,Trifolium spananthum Thulin.,5
261,17,Taraxacum officinale,2
262,18,Agrostis quinqueseta (Hochst. ex Steud.),3
263,18,Alchemilla haumannii Rothm.,7
264,18,Arabis thaliana L.,1
265,18,Carex johnstonii Bock ,2
266,18,Carthamus lanatus L. ,1
267,18,Holostemum umbellatum,2
268,18,Cineraria abyssinica Sch. Bip. ex A. Rich.,3
269,18,Conyza hochstetteri Sch. Bip. ex A,3
270,18,Cotula abyssinica Sch. Bip. ex A. Rich.,2
271,18,Dianthoseris schimperi Sch.Bip.ex A. Rich.,1
272,18,Erica L.,8
273,18,Galium simense Fresen.,3
274,18,Haplocarpha rueppelii (Sch. Bip.) ,1
275,18,Hebenstretia angolensis Rolfe,4
276,18,Helichrysum citrispinum Del.,1
277,18,Helichrysum formosissimum Sch. Bip.,1
278,18,Helichrysum gofense Cufod.,1
279,18,Helichrysum harennensis Mesfin ,2
280,18,Helichrysum splendidum (Thunb.) Less.,3
281,18,Kniphofia schimperi Baker ,1
284,18,Pentaschistis borussica (K.Schum.) Pilg.,2
285,18,Pentaschistis trisetoides (Hochst. ex Steud.) Pilg.,1
286,18,Polygala steudneri Chod.,1
287,18,Senecio fresenii Sch. Bip. ex Oliv. & Hiern ,1
288,18,Trifolium spananthum Thulin.,7
289,19,Agrostis quinqueseta (Hochst. ex Steud.),7
290,19,Alchemilla abyssinica Fresen.,8
291,19,Alchemilla haumannii Rothm.,2
292,19,Alchemilla pedata A. Rich.,1
293,19,Arabis thaliana L.,1
294,19,Artemisia sp.,1
295,19,Carex johnstonii Bock ,1
296,19,Holostemum umbellatum,2
297,19,Cineraria abyssinica Sch. Bip. ex A. Rich.,1
298,19,Conyza hochstetteri Sch. Bip. ex A,2
299,19,Conyza hochstetteri Sch. Bip. ex A,2
300,19,Dianthoseris schimperi Sch.Bip.ex A. Rich.,1
301,19,Erica L.,8
302,19,Euryops prostratus B. Nord.,7
303,19,Galium simense Fresen.,2
304,19,Hebenstretia angolensis Rolfe,3
305,19,Helichrysum citrispinum Del.,1
306,19,Helichrysum splendidum (Thunb.) Less.,5
307,19,Kniphofia schimperi Baker ,7
310,19,Oenanthe procumbens (Wolff) Norman ,1
311,19,Pentaschistis borussica (K.Schum.) Pilg.,7
312,19,Pentaschistis trisetoides (Hochst. ex Steud.) Pilg.,5
313,19,Polygala steudneri Chod.,1
314,19,Polystichum wilsonii H.Christ,1
315,19,Salvia merjamie Forssk,1
316,19,Thymus serrulatus Hochst. ex Benth.,2
317,19,Trifolium acaule A. Rich,2
318,20,Agrostis quinqueseta (Hochst. ex Steud.),7
319,20,Herniaria hirsuta L.,3
320,20,Cineraria abyssinica Sch. Bip. ex A. Rich.,1
321,20,Conyza hochstetteri Sch. Bip. ex A,2
322,20,Dianthoseris schimperi Sch.Bip.ex A. Rich.,1
323,20,Erica L.,8
324,20,Galium simense Fresen.,1
325,20,Hebenstretia angolensis Rolfe,5
326,20,Hedbergia abyssinica (Hochst. ex Benth.),1
327,20,Helichrysum splendidum (Thunb.) Less.,7
328,20,Koeleria capensis (Steud.),2
331,20,Oenanthe procumbens (Wolff) Norman ,1
332,20,Pentaschistis trisetoides (Hochst. ex Steud.) Pilg.,4
333,20,Portulaca sp.,1
334,21,Agrostis quinqueseta (Hochst. ex Steud.),4
335,21,Alchemilla abyssinica Fresen.,5
336,21,Carduus macracanthus Sch. Bip.,2
337,21,Herniaria hirsuta L.,3
338,21,Cineraria abyssinica Sch. Bip. ex A. Rich.,3
339,21,Conyza hochstetteri Sch. Bip. ex A,2
340,21,Deschampsia flexuosa (L.) ,7
341,21,Dianthoseris schimperi Sch.Bip.ex A. Rich.,3
342,21,Erica L.,8
343,21,Erica L.,7
344,21,Galium simense Fresen.,2
345,21,Taraxacum officinale,2
346,21,Hebenstretia angolensis Rolfe,5
347,21,Hedbergia abyssinica (Hochst. ex Benth.),1
348,21,Helichrysum harennensis Mesfin ,1
349,21,Helichrysum splendidum (Thunb.) Less.,7
350,21,Helichrysum splendidum (Thunb.) Less.,7
351,21,Herniaria hirsuta L.,2
352,21,Kniphofia schimperi Baker ,2
354,21,Oenanthe procumbens (Wolff) Norman ,1
355,21,Pentaschistis trisetoides (Hochst. ex Steud.) Pilg.,3
356,21,Pentaschistis trisetoides (Hochst. ex Steud.) Pilg.,5
357,21,Poa annua L.,7
358,21,Satureja paradoxa (Vatke),1
359,21,Uebelinia abyssinica Hochst.,1
360,22,Alchemilla abyssinica Fresen.,2
361,22,Holostemum umbellatum,2
362,22,Conyza hochstetteri Sch. Bip. ex A,3
363,22,Dianthoseris schimperi Sch.Bip.ex A. Rich.,1
364,22,Galium simense Fresen.,1
365,22,Hebenstretia angolensis Rolfe,2
368,22,Polygala steudneri Chod.,2
369,22,Polygonum afromontanum Greenway ,1
370,22,Polystichum wilsonii H.Christ,1
371,22,Salvia merjamie Forssk,1
372,22,Senecio fresenii Sch. Bip. ex Oliv. & Hiern ,1
373,22,Thymus serrulatus Hochst. ex Benth.,7
374,22,Trifolium spananthum Thulin.,2
375,22,Portulaca sp.,5
376,22,Plantago afra L.,3
377,22,Portulaca sp.,1
378,23,Agrostis quinqueseta (Hochst. ex Steud.),5
379,23,Alchemilla abyssinica Fresen.,4
380,23,Arabis alpina L.,1
381,23,Holostemum umbellatum,2
382,23,Cineraria abyssinica Sch. Bip. ex A. Rich.,2
383,23,Conyza hochstetteri Sch. Bip. ex A,1
384,23,Deschampsia flexuosa (L.) ,2
385,23,Dianthoseris schimperi Sch.Bip.ex A. Rich.,2
386,23,Erica L.,7
387,23,Galium simense Fresen.,2
388,23,Hebenstretia angolensis Rolfe,7
389,23,Helichrysum citrispinum Del.,2
390,23,Helichrysum formosissimum Sch. Bip.,2
391,23,Helichrysum harennensis Mesfin ,1
392,23,Helichrysum splendidum (Thunb.) Less.,8
393,23,Koeleria capensis (Steud.),4
395,23,Oenanthe procumbens (Wolff) Norman ,1
396,23,Pentaschistis borussica (K.Schum.) Pilg.,3
397,23,Pentaschistis trisetoides (Hochst. ex Steud.) Pilg.,7
398,23,Poa annua L.,5
399,23,Polygala steudneri Chod.,3
400,23,Polystichum sp.,1
401,23,Satureja imbricata (Forssk.) Briq.,2
403,23,Thymus serrulatus Hochst. ex Benth.,2
404,23,Trifolium spananthum Thulin.,5
405,24,Agrostis quinqueseta (Hochst. ex Steud.),2
406,24,Alchemilla abyssinica Fresen.,7
407,24,Cineraria abyssinica Sch. Bip. ex A. Rich.,2
408,24,Erica L.,8
409,24,Euryops prostratus B. Nord.,5
410,24,Geranium sp.,1
411,24,Haplocarpha rueppelii (Sch. Bip.) ,5
412,24,Hebenstretia angolensis Rolfe,5
413,24,Helichrysum harennensis Mesfin ,1
414,24,Helichrysum splendidum (Thunb.) Less.,7
417,24,Oenanthe procumbens (Wolff) Norman ,1
418,24,Pentaschistis trisetoides (Hochst. ex Steud.) Pilg.,2
419,24,Polygala steudneri Chod.,2
420,24,Polystichum wilsonii H.Christ,1
421,24,Romulea congoensis Beg.,4
422,25,Agrostis quinqueseta (Hochst. ex Steud.),7
423,25,Alchemilla abyssinica Fresen.,3
424,25,Cineraria abyssinica Sch. Bip. ex A. Rich.,1
425,25,Cotula abyssinica Sch. Bip. ex A. Rich.,1
426,25,Dianthoseris schimperi Sch.Bip.ex A. Rich.,1
427,25,Erica L.,7
428,25,Festuca abysinica Hochst.,2
429,25,Galium simense Fresen.,2
430,25,Hebenstretia angolensis Rolfe,5
431,25,Helichrysum citrispinum Del.,5
432,25,Helichrysum splendidum (Thunb.) Less.,7
433,25,Kniphofia schimperi Baker ,2
434,25,Koeleria capensis (Steud.),4
435,25,Lobelia rhynchopetalum Hemsl.,2
438,25,Pentaschistis trisetoides (Hochst. ex Steud.) Pilg.,7
439,25,Satureja imbricata (Forssk.) Briq.,2
440,25,Satureja paradoxa (Vatke),1
441,25,Swertia crassiuscula Gilg ,2
442,25,Trifolium spananthum Thulin.,4
443,25,Uebelinia abyssinica Hochst.,3
444,25,Plantago afra L.,1
445,26,Alchemilla abyssinica Fresen.,7
446,26,Artemisia sp.,2
447,26,Cineraria abyssinica Sch. Bip. ex A. Rich.,1
448,26,Conyza hochstetteri Sch. Bip. ex A,1
449,26,Deschampsia flexuosa (L.) ,5
450,26,Dianthoseris schimperi Sch.Bip.ex A. Rich.,1
451,26,Erica L.,5
452,26,Galium simense Fresen.,1
453,26,Hebenstretia angolensis Rolfe,7
454,26,Hedbergia abyssinica (Hochst. ex Benth.),1
455,26,Helichrysum formosissimum Sch. Bip.,1
456,26,Helichrysum splendidum (Thunb.) Less.,8
457,26,Koeleria capensis (Steud.),1
460,26,Pentaschistis trisetoides (Hochst. ex Steud.) Pilg.,4
461,26,Polygala steudneri Chod.,1
462,26,Salvia merjamie Forssk,1
463,26,Satureja paradoxa (Vatke),1
464,26,Senecio fresenii Sch. Bip. ex Oliv. & Hiern ,1
465,26,Thymus serrulatus Hochst. ex Benth.,1
466,26,Erigeron alpinus,1
467,27,Alchemilla abyssinica Fresen.,8
468,27,Alchemilla fischeri Engl.,1
469,27,Carex johnstonii Bock ,1
470,27,Uebelinia abyssinica Hochst.,4
471,27,Conyza hochstetteri Sch. Bip. ex A,1
472,27,Erica L.,8
473,27,Erica L.,1
474,27,Geranium sp.,1
475,27,Helichrysum citrispinum Del.,5
476,27,Helichrysum gofense Cufod.,3
477,27,Helichrysum harennensis Mesfin ,1
478,27,Helichrysum splendidum (Thunb.) Less.,2
479,27,Luzula abyssinica Parl.,1
481,27,Pentaschistis trisetoides (Hochst. ex Steud.) Pilg.,8
482,27,Polygala steudneri Chod.,5
483,27,Polygonum afromontanum Greenway ,3
484,27,Polygonum afromontanum Greenway ,1
485,27,Trifolium acaule A. Rich,1
486,27,Uebelinia abyssinica Hochst.,5
487,27,Erigeron alpinus,1
488,28,Agrostis quinqueseta (Hochst. ex Steud.),8
489,28,Alchemilla haumannii Rothm.,9
490,28,Arabis thaliana L.,2
491,28,Erica L.,3
492,28,Geranium sp.,2
493,28,Helichrysum formosissimum Sch. Bip.,2
494,28,Helichrysum harennensis Mesfin ,1
495,28,Helichrysum splendidum (Thunb.) Less.,7
496,28,Lobelia rhynchopetalum Hemsl.,4
497,28,Luzula abyssinica Parl.,2
499,28,Oreoschimperella verrucosa (A. Rich.),3
500,28,Pentaschistis trisetoides (Hochst. ex Steud.) Pilg.,8
501,28,Polygala steudneri Chod.,2
502,28,Polygonum afromontanum Greenway ,3
503,28,Thymus serrulatus Hochst. ex Benth.,5
504,28,Erigeron alpinus,1
505,28,Plantago afra L.,1
506,29,Agrostis quinqueseta (Hochst. ex Steud.),2
507,29,Alchemilla abyssinica Fresen.,3
508,29,Alchemilla haumannii Rothm.,8
509,29,Conyza hochstetteri Sch. Bip. ex A,1
510,29,Erica L.,7
511,29,Geranium sp.,1
512,29,Helichrysum citrispinum Del.,5
513,29,Helichrysum gofense Cufod.,3
514,29,Helichrysum harennensis Mesfin ,2
515,29,Helichrysum splendidum (Thunb.) Less.,3
516,29,Lobelia rhynchopetalum Hemsl.,5
519,29,Pentaschistis trisetoides (Hochst. ex Steud.) Pilg.,2
520,29,Polygonum afromontanum Greenway ,1
521,29,Thymus serrulatus Hochst. ex Benth.,2
522,29,Erigeron alpinus,1
523,30,Agrostis quinqueseta (Hochst. ex Steud.),2
524,30,Alchemilla haumannii Rothm.,7
525,30,Carex johnstonii Bock ,1
526,30,Caryophyla,3
527,30,Conyza hochstetteri Sch. Bip. ex A,3
528,30,Deschampsia flexuosa (L.) ,1
529,30,Dianthoseris schimperi Sch.Bip.ex A. Rich.,2
530,30,Erica L.,7
531,30,Galium simense Fresen.,1
532,30,Geranium sp.,1
533,30,Haplocarpha rueppelii (Sch. Bip.) ,3
534,30,Helichrysum citrispinum Del.,2
535,30,Helichrysum formosissimum Sch. Bip.,2
536,30,Helichrysum harennensis Mesfin ,2
537,30,Koeleria capensis (Steud.),5
538,30,Lobelia rhynchopetalum Hemsl.,5
539,30,Pentaschistis borussica (K.Schum.) Pilg.,3
540,30,Pentaschistis trisetoides (Hochst. ex Steud.) Pilg.,5
541,30,Polystichum sp.,1
542,30,Satureja punctata (Benth.) Briq.,2
543,30,Swertia crassiuscula Gilg ,2
544,30,Trifolium spananthum Thulin.,5
545,30,Plantago afra L.,2
546,30,Taraxacum officinale,2
547,31,Agrostis quinqueseta (Hochst. ex Steud.),5
548,31,Alchemilla abyssinica Fresen.,5
549,31,Alchemilla haumannii Rothm.,3
550,31,Carex erythrorrhiza Bock,1
551,31,Carex johnstonii Bock ,3
552,31,Deschampsia flexuosa (L.) ,2
553,31,Dianthoseris schimperi Sch.Bip.ex A. Rich.,3
554,31,Festuca abysinica Hochst.,8
555,31,Festuca spp.,7
556,31,Helichrysum harennensis Mesfin ,1
559,31,Oenanthe procumbens (Wolff) Norman ,7
560,31,Pentaschistis borussica (K.Schum.) Pilg.,7
561,31,Pentaschistis trisetoides (Hochst. ex Steud.) Pilg.,7
562,31,Satureja imbricata (Forssk.) Briq.,2
563,31,Swertia crassiuscula Gilg ,3
564,31,Erigeron alpinus,1
565,31,Plantago afra L.,1
566,32,Agrostis quinqueseta (Hochst. ex Steud.),2
567,32,Alchemilla abyssinica Fresen.,3
568,32,Alchemilla haumannii Rothm.,2
569,32,Carex johnstonii Bock ,1
570,32,Deschampsia flexuosa (L.) ,1
571,32,Deschampsia flexuosa (L.) ,2
572,32,Dianthoseris schimperi Sch.Bip.ex A. Rich.,2
573,32,Erica L.,5
574,32,Geranium sp.,4
575,32,Haplocarpha rueppelii (Sch. Bip.) ,2
576,32,Helichrysum citrispinum Del.,1
577,32,Helichrysum harennensis Mesfin ,1
578,32,Helichrysum splendidum (Thunb.) Less.,1
579,32,Koeleria capensis (Steud.),1
580,32,Koeleria capensis (Steud.),7
581,32,Lobelia rhynchopetalum Hemsl.,2
584,32,Pentaschistis trisetoides (Hochst. ex Steud.) Pilg.,8
585,32,Swertia crassiuscula Gilg ,1
586,32,Thymus serrulatus Hochst. ex Benth.,2
587,32,Trifolium spananthum Thulin.,8
588,32,Plantago afra L.,2
589,33,Agrostis quinqueseta (Hochst. ex Steud.),7
590,33,Alchemilla abyssinica Fresen.,8
591,33,Alchemilla haumannii Rothm.,7
592,33,Carex johnstonii Bock ,2
593,33,Carex sp.,5
594,33,Deschampsia flexuosa (L.) ,2
595,33,Deschampsia flexuosa (L.) ,2
596,33,Dianthoseris schimperi Sch.Bip.ex A. Rich.,4
597,33,Festuca spp.,2
598,33,Geranium sp.,2
599,33,Helichrysum formosissimum Sch. Bip.,1
600,33,Helichrysum harennensis Mesfin ,2
601,33,Helichrysum splendidum (Thunb.) Less.,2
602,33,Koeleria capensis (Steud.),1
603,33,Oenanthe procumbens (Wolff) Norman ,2
604,33,Oenanthe procumbens (Wolff) Norman ,1
605,33,Pentaschistis trisetoides (Hochst. ex Steud.) Pilg.,8
606,33,Pentaschistis trisetoides (Hochst. ex Steud.) Pilg.,1
607,33,Polygonum afromontanum Greenway ,2
608,33,Satureja simensis (Benth.) Briq.,8
609,33,Thymus serrulatus Hochst. ex Benth.,1
610,33,Trifolium spananthum Thulin.,9
611,33,Plantago afra L.,2
612,33,Taraxacum officinale,2
613,33,Erigeron alpinus,2
614,34,Agrostis quinqueseta (Hochst. ex Steud.),7
615,34,Alchemilla abyssinica Fresen.,8
616,34,Alchemilla haumannii Rothm.,7
617,34,Carex johnstonii Bock ,1
618,34,Carex sp.,2
619,34,Dianthoseris schimperi Sch.Bip.ex A. Rich.,2
620,34,Erica L.,9
621,34,Festuca spp.,2
622,34,Galium simense Fresen.,1
623,34,Geranium sp.,3
624,34,Hebenstretia angolensis Rolfe,2
625,34,Helichrysum splendidum (Thunb.) Less.,1
626,34,Koeleria capensis (Steud.),1
628,34,Oenanthe procumbens (Wolff) Norman ,1
629,34,Pentaschistis trisetoides (Hochst. ex Steud.) Pilg.,7
630,34,Thymus serrulatus Hochst. ex Benth.,8
631,34,Trifolium spananthum Thulin.,7
632,34,Commelina subulata,1
633,34,Erigeron alpinus,1
634,35,Agrostis quinqueseta (Hochst. ex Steud.),2
635,35,Alchemilla abyssinica Fresen.,7
636,35,Alchemilla haumannii Rothm.,4
637,35,Carex erythrorrhiza Bock,1
638,35,Carex johnstonii Bock ,2
639,35,Carex sp.,4
640,35,Deschampsia flexuosa (L.) ,7
641,35,Dianthoseris schimperi Sch.Bip.ex A. Rich.,1
642,35,Festuca spp.,2
643,35,Galium simense Fresen.,2
644,35,Geranium sp.,2
645,35,Haplocarpha rueppelii (Sch. Bip.) ,2
646,35,Hebenstretia angolensis Rolfe,2
647,35,Koeleria capensis (Steud.),2
650,35,Oenanthe procumbens (Wolff) Norman ,2
651,35,Pentaschistis borussica (K.Schum.) Pilg.,1
652,35,Pentaschistis trisetoides (Hochst. ex Steud.) Pilg.,3
653,35,Polygonum afromontanum Greenway ,2
654,35,Polystichum sp.,1
655,35,Thymus serrulatus Hochst. ex Benth.,7
656,35,Trifolium spananthum Thulin.,7
657,35,Commelina subulata,2
658,36,Agrostis quinqueseta (Hochst. ex Steud.),4
659,36,Alchemilla abyssinica Fresen.,7
660,36,Alchemilla haumannii Rothm.,4
661,36,Carex johnstonii Bock ,2
662,36,Carex sp.,7
663,36,Centella L.,1
664,36,Deschampsia flexuosa (L.) ,3
665,36,Dianthoseris schimperi Sch.Bip.ex A. Rich.,7
666,36,Erica L.,9
667,36,Galium simense Fresen.,2
668,36,Geranium sp.,7
669,36,Geranium sp.,8
670,36,Hebenstretia angolensis Rolfe,2
671,36,Helichrysum splendidum (Thunb.) Less.,2
672,36,Lobelia rhynchopetalum Hemsl.,2
674,36,Oenanthe procumbens (Wolff) Norman ,5
675,36,Pentaschistis trisetoides (Hochst. ex Steud.) Pilg.,8
676,36,Salvia merjamie Forssk,1
677,36,Satureja punctata (Benth.) Briq.,2
678,36,Thymus serrulatus Hochst. ex Benth.,7
679,36,Trifolium spananthum Thulin.,7
680,37,Agrostis quinqueseta (Hochst. ex Steud.),7
681,37,Alchemilla abyssinica Fresen.,8
682,37,Alchemilla haumannii Rothm.,7
683,37,Carex johnstonii Bock ,1
684,37,Carex sp.,2
685,37,Centella L.,2
686,37,Dianthoseris schimperi Sch.Bip.ex A. Rich.,2
687,37,Erica L.,9
688,37,Galium simense Fresen.,1
689,37,Geranium arabicum Forssk.,5
690,37,Hedbergia abyssinica (Hochst. ex Benth.),1
691,37,Helichrysum formosissimum Sch. Bip.,2
692,37,Hypericum revolutum Vahl ,1
693,37,Oreoschimperella verrucosa (A. Rich.),2
694,37,Pentaschistis trisetoides (Hochst. ex Steud.) Pilg.,1
695,37,Swertia crassiuscula Gilg ,2
696,37,Satureja punctata (Benth.) Briq.,1
697,37,Thymus serrulatus Hochst. ex Benth.,9
698,37,Trifolium burchellianum Ser.,1
699,37,Trifolium cryptopodium,2
700,37,Trifolium spananthum Thulin.,9
701,38,Agrostis quinqueseta (Hochst. ex Steud.),4
702,38,Alchemilla abyssinica Fresen.,8
703,38,Artemisia schimperi Sch. Bip. ex Engl.,2
704,38,Carex johnstonii Bock ,2
705,38,Carex sp.,3
706,38,Centella L.,5
707,38,Dianthoseris schimperi Sch.Bip.ex A. Rich.,5
708,38,Erica L.,8
709,38,Festuca abysinica Hochst.,2
710,38,Geranium arabicum Forssk.,5
711,38,Haplocarpha rueppelii (Sch. Bip.) ,3
714,38,Oreoschimperella verrucosa (A. Rich.),2
715,38,Pentaschistis trisetoides (Hochst. ex Steud.) Pilg.,5
716,38,Pimpinella oreophila Hook. f.,1
717,38,Polygonum afromontanum Greenway ,7
718,38,Romulea congoensis Beg.,1
719,38,Salvia merjamie Forssk,1
720,38,Satureja punctata (Benth.) Briq.,2
721,38,Thymus serrulatus Hochst. ex Benth.,5
722,38,Trifolium acaule A. Rich,2
723,38,Trifolium spananthum Thulin.,8
724,38,Erigeron alpinus,5
725,38,Taraxacum officinale,1
726,38,Lobelia rhynchopetalum Hemsl.,7
727,39,Alchemilla abyssinica Fresen.,7
728,39,Carex johnstonii Bock ,4
729,39,Conyza hochstetteri Sch. Bip. ex A,7
730,39,Deschampsia flexuosa (L.) ,8
731,39,Dianthoseris schimperi Sch.Bip.ex A. Rich.,1
732,39,Erica L.,9
733,39,Galium simense Fresen.,2
734,39,Geranium arabicum Forssk.,5
735,39,Haplocarpha rueppelii (Sch. Bip.) ,7
736,39,Haplocarpha rueppelii (Sch. Bip.) ,1
737,39,Helichrysum formosissimum Sch. Bip.,1
738,39,Helichrysum harennensis Mesfin ,1
739,39,Helichrysum splendidum (Thunb.) Less.,2
740,39,Helichrysum splendidum (Thunb.) Less.,1
741,39,Lobelia rhynchopetalum Hemsl.,5
744,39,Oenanthe procumbens (Wolff) Norman ,4
745,39,Oreoschimperella verrucosa (A. Rich.),8
746,39,Pentaschistis borussica (K.Schum.) Pilg.,8
747,39,Pentaschistis trisetoides (Hochst. ex Steud.) Pilg.,7
748,39,Pentaschistis trisetoides (Hochst. ex Steud.) Pilg.,1
749,39,Pimpinella oreophila Hook. f.,7
750,39,Polygonum afromontanum Greenway ,7
751,39,Romulea congoensis Beg.,2
752,39,Salvia merjamie Forssk,3
753,39,Satureja punctata (Benth.) Briq.,2
754,39,Satureja punctata (Benth.) Briq.,1
755,39,Satureja simensis (Benth.) Briq.,1
756,39,Trifolium acaule A. Rich,7
757,39,Taraxacum officinale,4
758,40,Alchemilla abyssinica Fresen.,2
759,40,Carex johnstonii Bock ,4
760,40,Carex sp.,1
761,40,Cineraria abyssinica Sch. Bip. ex A. Rich.,2
762,40,Deschampsia flexuosa (L.) ,5
763,40,Erica L.,9
764,40,Festuca abysinica Hochst.,2
765,40,Haplocarpha rueppelii (Sch. Bip.) ,2
766,40,Hedbergia abyssinica (Hochst. ex Benth.),2
767,40,Helichrysum citrispinum Del.,2
768,40,Helichrysum harennensis Mesfin ,2
769,40,Lobelia rhynchopetalum Hemsl.,2
771,40,Oenanthe procumbens (Wolff) Norman ,2
772,40,Pentaschistis borussica (K.Schum.) Pilg.,2
773,40,Pentaschistis trisetoides (Hochst. ex Steud.) Pilg.,5
774,40,Satureja punctata (Benth.) Briq.,4
775,40,Satureja simensis (Benth.) Briq.,3
776,40,Thymus serrulatus Hochst. ex Benth.,5
777,40,Trifolium burchellianum Ser.,5
778,40,Stagalus mooneyi,1
779,40,Plantago africana Verdc.,2
780,41,Agrostis quinqueseta (Hochst. ex Steud.),2
781,41,Alchemilla abyssinica Fresen.,5
782,41,Deschampsia flexuosa (L.) ,1
783,41,Dianthoseris schimperi Sch.Bip.ex A. Rich.,2
784,41,Erica L.,9
785,41,Festuca abysinica Hochst.,5
786,41,Haplocarpha rueppelii (Sch. Bip.) ,2
787,41,Hedbergia abyssinica (Hochst. ex Benth.),2
788,41,Helichrysum formosissimum Sch. Bip.,2
789,41,Lobelia rhynchopetalum Hemsl.,3
790,41,Luzula abyssinica Parl.,1
792,41,Oenanthe procumbens (Wolff) Norman ,3
793,41,Pentaschistis borussica (K.Schum.) Pilg.,7
794,41,Pentaschistis trisetoides (Hochst. ex Steud.) Pilg.,1
795,41,Polygonum afromontanum Greenway ,3
796,41,Thymus serrulatus Hochst. ex Benth.,5
797,41,Trifolium burchellianum Ser.,8
798,41,Trifolium cryptopodium,1
799,42,Agrostis quinqueseta (Hochst. ex Steud.),9
800,42,Alchemilla haumannii Rothm.,7
801,42,Arabis thaliana L.,2
802,42,Arabis thaliana L.,2
803,42,Artemisia schimperi Sch. Bip. ex Engl.,1
804,42,Crepis rueppellii Sch. Bip.,1
805,42,Deschampsia flexuosa (L.) ,8
806,42,Erica L.,9
807,42,Festuca abysinica Hochst.,1
808,42,Galium simense Fresen.,2
809,42,Geranium arabicum Forssk.,9
810,42,Haplocarpha rueppelii (Sch. Bip.) ,1
811,42,Hedbergia abyssinica (Hochst. ex Benth.),1
812,42,Helichrysum formosissimum Sch. Bip.,1
813,42,Helichrysum harennensis Mesfin ,2
814,42,Helichrysum splendidum (Thunb.) Less.,1
815,42,Kniphofia schimperi Baker ,2
817,42,Oenanthe procumbens (Wolff) Norman ,2
818,42,Oreoschimperella verrucosa (A. Rich.),8
819,42,Pentaschistis borussica (K.Schum.) Pilg.,4
820,42,Pentaschistis trisetoides (Hochst. ex Steud.) Pilg.,5
821,42,Pimpinella oreophila Hook. f.,1
822,42,Polygala steudneri Chod.,2
823,42,Polygonum afromontanum Greenway ,1
824,42,Polystichum sp.,1
825,42,Romulea congoensis Beg.,2
826,42,Rumex nepalensis Spreng.,1
827,42,Salvia merjamie Forssk,2
828,42,Satureja punctata (Benth.) Briq.,2
829,42,Satureja simensis (Benth.) Briq.,1
830,42,Satureja simensis (Benth.) Briq.,1
831,42,Thymus serrulatus Hochst. ex Benth.,1
832,42,Trifolium cryptopodium,1
833,42,Trifolium spananthum Thulin.,7
834,43,Agrostis quinqueseta (Hochst. ex Steud.),2
835,43,Alchemilla abyssinica Fresen.,8
836,43,Artemisia schimperi Sch. Bip. ex Engl.,1
837,43,Cineraria abyssinica Sch. Bip. ex A. Rich.,1
838,43,Deschampsia flexuosa (L.) ,8
839,43,Erica L.,8
840,43,Festuca abysinica Hochst.,1
841,43,Galium simense Fresen.,1
842,43,Haplocarpha rueppelii (Sch. Bip.) ,2
843,43,Helichrysum formosissimum Sch. Bip.,1
844,43,Helichrysum splendidum (Thunb.) Less.,3
846,43,Oreoschimperella verrucosa (A. Rich.),7
847,43,Pentaschistis trisetoides (Hochst. ex Steud.) Pilg.,5
848,43,Polystichum sp.,1
849,43,Polystichum sp.,1
850,43,Salvia merjamie Forssk,1
851,43,Salvia merjamie Forssk,2
852,43,Satureja punctata (Benth.) Briq.,1
853,43,Thymus serrulatus Hochst. ex Benth.,2
854,43,Trifolium semipilosum Fresen,7
855,43,Trifolium spananthum Thulin.,2
856,43,Plantago africana Verdc.,7
857,43,Commelina subulata,1
858,44,Alchemilla abyssinica Fresen.,5
859,44,Alchemilla haumannii Rothm.,2
860,44,Cineraria abyssinica Sch. Bip. ex A. Rich.,2
861,44,Erica L.,9
862,44,Geranium arabicum Forssk.,8
863,44,Haplocarpha rueppelii (Sch. Bip.) ,1
864,44,Helichrysum splendidum (Thunb.) Less.,5
865,44,Lobelia rhynchopetalum Hemsl.,1
867,44,Oreoschimperella verrucosa (A. Rich.),5
868,44,Pentaschistis trisetoides (Hochst. ex Steud.) Pilg.,7
869,44,Polygala steudneri Chod.,1
870,44,Polygonum afromontanum Greenway ,1
871,44,Satureja punctata (Benth.) Briq.,4
872,44,Thymus serrulatus Hochst. ex Benth.,5
873,45,Alchemilla haumannii Rothm.,8
874,45,Alchemilla pedata A. Rich.,9
875,45,Centella L.,1
876,45,Dianthoseris schimperi Sch.Bip.ex A. Rich.,2
877,45,Erica L.,9
878,45,Galium simense Fresen.,1
879,45,Geranium arabicum Forssk.,1
880,45,Helichrysum formosissimum Sch. Bip.,1
881,45,Helichrysum harennensis Mesfin ,7
882,45,Helichrysum splendidum (Thunb.) Less.,7
883,45,Luzula abyssinica Parl.,3
886,45,Oenanthe procumbens (Wolff) Norman ,1
887,45,Oreoschimperella verrucosa (A. Rich.),7
888,45,Pentaschistis trisetoides (Hochst. ex Steud.) Pilg.,8
889,45,Thymus serrulatus Hochst. ex Benth.,1
890,45,Trifolium spananthum Thulin.,1
891,46,Alchemilla haumannii Rothm.,3
892,46,Alchemilla pedata A. Rich.,7
893,46,Arabis thaliana L.,2
894,46,Erica L.,9
895,46,Galium simense Fresen.,2
896,46,Geranium arabicum Forssk.,2
897,46,Haplocarpha rueppelii (Sch. Bip.) ,4
898,46,Hebenstretia angolensis Rolfe,1
899,46,Helichrysum formosissimum Sch. Bip,5
900,46,Helichrysum formosissimum Sch. Bip.,2
901,46,Helichrysum gofense Cufod.,3
902,46,Helichrysum harennensis Mesfin ,1
903,46,Helichrysum splendidum (Thunb.) Less.,7
904,46,Luzula abyssinica Parl.,2
905,46,Luzula abyssinica Parl.,5
909,46,Oenanthe procumbens (Wolff) Norman ,1
910,46,Pentaschistis trisetoides (Hochst. ex Steud.) Pilg.,2
911,46,Satureja punctata (Benth.) Briq.,9
912,46,Taraxacum officinale,2
913,47,Alchemilla haumannii Rothm.,2
914,47,Alchemilla pedata A. Rich.,7
915,47,Carex monostachya A.Rich.,2
916,47,Centella L.,2
917,47,Erica L.,9
918,47,Galium simense Fresen.,2
919,47,Hebenstretia angolensis Rolfe,1
920,47,Helichrysum formosissimum Sch. Bip,1
921,47,Helichrysum formosissimum Sch. Bip.,2
922,47,Helichrysum splendidum (Thunb.) Less.,7
923,47,Koeleria capensis (Steud.),2
926,47,Oenanthe procumbens (Wolff) Norman ,1
927,47,Pentaschistis trisetoides (Hochst. ex Steud.) Pilg.,8
928,47,Satureja punctata (Benth.) Briq.,7
929,47,Thymus serrulatus Hochst. ex Benth.,7
930,47,Trifolium spananthum Thulin.,2
931,47,Taraxacum officinale,2
932,48,Alchemilla abyssinica Fresen.,8
933,48,Alchemilla haumannii Rothm.,2
934,48,Cotula abyssinica Sch. Bip. ex A. Rich.,3
935,48,Dianthoseris schimperi Sch.Bip.ex A. Rich.,2
936,48,Erica L.,8
937,48,Galium simense Fresen.,1
938,48,Geranium arabicum Forssk.,5
939,48,Haplocarpha rueppelii (Sch. Bip.) ,1
940,48,Helichrysum citrispinum Del.,9
941,48,Helichrysum splendidum (Thunb.) Less.,8
942,48,Kniphofia schimperi Baker ,1
943,48,Koeleria capensis (Steud.),4
946,48,Oenanthe procumbens (Wolff) Norman ,3
947,48,Pentaschistis borussica (K.Schum.) Pilg.,2
948,48,Pentaschistis trisetoides (Hochst. ex Steud.) Pilg.,8
949,48,Thymus serrulatus Hochst. ex Benth.,2
950,48,Trifolium spananthum Thulin.,2
951,48,Trifolium spananthum Thulin.,4
952,49,Agrostis quinqueseta (Hochst. ex Steud.),4
953,49,Agrostis quinqueseta (Hochst. ex Steud.),2
954,49,Alchemilla abyssinica Fresen.,5
955,49,Alchemilla fischeri Engl.,5
956,49,Arabis thaliana L.,4
957,49,Uebelinia abyssinica Hochst.,2
958,49,Cotula abyssinica Sch. Bip. ex A. Rich.,3
959,49,Erica L.,8
960,49,Galium simense Fresen.,2
961,49,Haplocarpha rueppelii (Sch. Bip.) ,1
962,49,Helichrysum citrispinum Del.,7
963,49,Koeleria capensis (Steud.),2
966,49,Pentaschistis trisetoides (Hochst. ex Steud.) Pilg.,8
967,49,Swertia crassiuscula Gilg ,3
968,49,Uebelinia abyssinica Hochst.,3
969,49,Taraxacum officinale,2
970,49,Plantago afra L.,3
971,49,Plantago africana Verdc.,1
972,50,Arabis thaliana L.,4
973,50,Carduus macracanthus Sch. Bip.,5
974,50,Carex sp.,4
975,50,Erica L.,8
976,50,Galium simense Fresen.,3
977,50,Geranium arabicum Forssk.,7
980,50,Oenanthe procumbens (Wolff) Norman ,2
981,50,Pentaschistis borussica (K.Schum.) Pilg.,5
982,50,Pentaschistis trisetoides (Hochst. ex Steud.) Pilg.,8
983,50,Pentaschistis trisetoides (Hochst. ex Steud.) Pilg.,2
984,50,Trifolium spananthum Thulin.,2
